timestamp,text,views
2026-03-08 21:42:04,"Tim Cook, the CEO of Apple, talks with ""Sunday Morning"" correspondent David Pogue (author of ""Apple: The First 50 Years"") to discuss the company's first half-century and its constant focus on ""the next thing."" - CBS Sunday Morning &gt;He also talks about the vision of Steve Jobs, whose return to Apple in 1997 reinvigorated the company.",466
2026-03-08 21:43:50,"I’m ready for Ternus, but I’d absolutely read what I assume is Cook’s soon to come along book.   He took a company from the brink of bankruptcy to $4 trillion. There’s plenty to be learned.",78
2026-03-08 21:55:34,Tim Cook interviews are usually boring to watch (he is very guarded and doesn't usually say anything either notable or interesting) and the video is also not available in my country so I can't watch.  Anything interesting or of note said in it?,35
2026-03-08 23:15:57,"Agree with Tim, a product focussed CEO would be great",26
2026-03-09 12:55:47,"While most of us were critical of Tim in the beginning, in hindsight I think we all have to agree he did a great job. Yes they messed up AI (although I couldn't care less about it) and yes they have a ridiculous amount of products with endless variations, but except for the latter I think Steve would be proud. I still use my Apple products with as much gusto as in 2011.",4
2026-03-10 16:18:44,"I'm getting weary of Tim Cook and his monotone drawl. He's obviously been an exceptional CEO, and he was well known before that as being one of the very best supply chain guys in Tech. But I just hope his successor has more charisma.",1
2026-03-12 03:07:31,"Apple CEO Tim Cook says late Apple cofounder Steve Jobs gave him this unforgettable advice before handing over the reins as CEO: ""Never ask what I would do"" &gt;Apple CEO Tim Cook says the advice from Steve Jobs was a “gift” in leading the $3.83 trillion tech giant: “I just put my head down and thought, ‘I’m going to be the best version of myself.”",4298
2026-03-12 03:10:26,"He's talked about that a lot. It is pretty good (if not fairly obvious) advice. Tim was obviously never going to be as charismatic as Steve. I just wish he had more taste and had really stuck to his guns on saying ""No"" to more things.   They've slowly cultivated a culture there that accepts mediocrity in ways that Apple never did before. It's a lot of small things, but it's built up to a point where I worry if they can turn it around. Alan Dye leaving was a good start.",270
2026-03-12 03:18:05,"Can’t argue with what Tim Cook has done at Apple, it’s flourished since he took over. He doesn’t have the foresight and love for design that Jobs had but he’s done great things with Apple.   (I do laugh though because if Jobs saw some of the design choices they’ve made (especially software) I think he would have gone insane lol)",1943
2026-03-12 03:29:42,I don’t love everything.    But Apple has done fantastically under cook.   It wouldn’t exist with out Steve.     I’m not sure it would still be here with out Tim.,55
2026-03-12 03:56:30,"I’d argue there was more of a noticeable change when Ive left, than Jobs.  Without Jobs, Apple continued as usual with a different style of keynotes.  When Ive left, Apple's ENTIRE design language and philosophy changed almost overnight.   Their products went from luxury museum pieces that traded off features and performance for design, to function over design. Not just in hardware but software too.   The MacBook Pro went from a slick wedge design, with over engineered butterfly keyboard, all symmetric USB-C, but a thermal disaster, to a blocky design with a variety of different ports for display, MagSafe, SD cards, had a huge battery and great thermals. It wasn’t sexy at coffee shops but pro’s had no complaints.   Then they used the same chonky block designs for iPhone 17 Pro, and Apple Watch Ultra.  Apple still makes weird, expensive, impractical trade-offs for the sake of design, but only for niche products like iPhone Air, Airpods Max, and Vision Pro.  They are really hitting it out of the park with down to Earth products with great build quality from entry to pro/ultra level devices.  Honestly I think it was a great thing that Ive left. Apple needed him to differentiate themselves with design and the limitations of tech at the time, but he was holding Apple back in the mid 2010's.",201
2026-03-12 04:03:12,Apple silicon is one of the best things done under Cook. The iPhone chips and especially the M-series chips are insane to the point they single-handedly revived the MacBook.,376
2026-03-17 15:30:15,"Tim Cook squashes retirement rumors, says he 'can't imagine life without Apple'",1934
2026-03-17 15:32:07,But I think I could imagine Apple without Tim Apple,112
2026-03-17 15:35:11,"""I plan to die here at my desk and my body to be carried out by the cleaning staff."" - Totally not retiring Tim Cook.",12
2026-03-17 15:35:16,4D chess by Tim Apple to deny retirement after all the snakes left.,7
2026-03-17 15:35:17,"Until they officially announce a succession plan, he’s obliged to say that regardless of how he actually feels.",524
2026-03-17 15:36:41,C'mon. As if he would say anything else in a random GMA interview.,15
2026-03-17 15:37:17,Pretty sure all the sources have mentioned he would stay on as chairman of the board so that tracks,360
2026-03-17 15:37:23,He could still transition to a new role and be a part of Apple with others taking on more.,13
2026-03-17 15:37:31,he's gotta wait it out for long as the Tangerine is in power.,9
2026-03-17 15:38:35,"“I am a fighter, not a quitter!”  Liz Truss, UK Prime Minister, Oct 19, 2022  Liz Truss resigned on Oct 20, 2022.   US Vice President Ford didn’t know President Nixon was going to resign until the day of.   Point is, no one says they’re leaving until they do.",115
2026-03-17 15:40:19,Got a lot of bootlicking still left in him,7
2026-03-17 15:40:51,"If you watch the clip, I definitely wouldn't call that squashing retirement rumors. Not in any way, shape or form. That was a textbook Apple way of not answering the question.",31
2026-03-17 15:41:05,"When I was converted from my contract to perm and hired on full time, *they still had to post the position externally* and 200 poor bastards on LinkedIn applied for a job I already filled.   Corporate America in a nutshell. **Tim won’t say a word until after or at WWDC**. He’s been keeping trade secrets his entire career. At times he was one of maybe 5 people in the world who saw the whole picture for the first iPhone or watch or iPad.   What’s one more?",5
2026-03-17 15:47:21,Hopefully it just means he moves to board set and someone with vision and balls takes over.,5
2026-03-17 16:15:19,"seems like people are confused here. letting someone else take up the CEO role does **NOT** equal to retirement. he can be replaced by someone as CEO but still continue to be in a position at apple  this is simple PR talk. retirement announcement or rumors about him retiring = stock price taking a hit, regardless of what redditors like or believe, even if all of us preferred a different person. this is him doing his job — protecting the company by shutting down the rumors about him *leaving*. this has nothing to do with whether someone else is replacing him as CEO",12
2026-03-17 17:07:14,"a non denial, without apple doesnt necessary mean as CEO of apple.",7
2026-03-17 17:17:44,I can don’t worry go enjoy life and your family.,7
2026-03-17 17:57:34,"He trying to pull a Bob Iger?  Lets hope he doesn't follow through with the Iger Forumula of leave things in an OK state, then come back and just enshittify the whole lot.   I know I'm reaching there. Disney was pretty shitty during the first Bob Iger reign too.",5
2026-03-17 18:38:22,Of course he’s not leaving.  He wouldn’t get any more invites to awesome movie premieres like the Melania,9
2026-03-17 19:25:12,"Apple CEO Tim Cook squashes retirement rumors, says he ""can't imagine life without Apple"": “No, I didn’t say that. I haven’t said that. I love what I do deeply. Twenty-eight years ago, I walked into Apple, and I’ve loved every day of it since.”",127
2026-03-17 19:27:34,Another corporate sad case with zero life outside of work who will regret every moment when on their death bed,17
2026-03-17 19:31:17,You can't hear images!  This year we made the fastest iPhone ever built 😁   Prepare to hear this for many many years,1
2026-03-17 19:38:14,"I’m glad he’s having a nice time, but maybe let someone else take a crack at it?",10
2026-03-17 19:55:59,Who wouldn't love spending half their time grovelling to our dear leader for the sake of protecting shareholder value? Sounds so fulfilling.,58
2026-03-17 20:30:59,"He will miss licking the asses of shareholders, because that is the only thing he is doing. Prove me wrong Siri!",1
2026-03-17 20:37:03,"""can't imagine life without Apple""...Welcome to the ecosystem Tim....",9
2026-03-17 21:28:46,Must enjoy the taste of trumps penis,3
2026-03-17 21:38:16,Getting paid that much…. Fuck I’d love it too. Apple employees I bet would love it if they were paid more too.,5
2026-03-17 22:23:11,Tim Cook? Who's this guy? Did they fire Tim Apple?,27
2026-03-18 00:01:06,"I'm getting a lot less bullish on Apple I pulled this together using a prediction market aggregator that tracks stock price ranges and company-specific events, and the current setup on Apple is pretty interesting.  The short version is that the market seems to be converging on **AAPL staying stuck around $250–$260 by month-end** rather than breaking out higher.  A few things stood out to me:  * There’s about a **61% chance Apple closes between $250 and $260** by the end of the month * The single most likely band is **$250–$255** at **31%** * Odds of **closing above $260** dropped pretty hard, from **60% to 34%** over the last two weeks * There’s still about a **15% chance of closing below $250**, so downside risk is definitely still in the picture  What’s interesting is that the product/event side looks a lot better than the near-term price action:  * Odds of a **touchscreen MacBook** jumped a lot recently * A **foldable iPhone** is still being priced as pretty likely longer term * The market is also pricing a surprisingly meaningful chance that **Sabih Khan eventually succeeds Tim Cook**, even though near-term odds of Cook leaving are still low  So the read I get from this is:  **Near-term:** market is cautious to bearish and not expecting a real breakout above $260   **Longer-term:** people still seem to have confidence in Apple’s product pipeline and future catalysts  Basically, the market seems to be saying **“Apple is probably fine, but not necessarily about to rip.”**  Curious if people here agree with that read, or if the market is being too pessimistic on AAPL in the short term.",53
2026-03-18 12:50:43,JFC just retire and let someone else have a go. “Enjoy your life” or whatever the fuck people say to get old people to leave on their own.  The amount of geriatrics polluting the workplace with their old world views and ideas in addition to refusing fresh perspectives is getting out of hand.,3
2026-03-18 15:29:56,Tim Cook has just been riding the iPhone cash cow since he became CEO.  Nothing new has happened at Apple since Steve Jobs died.  Apple has lost its innovative edge.,3
2026-03-18 21:39:18,They can find better. His term as ceo fostered nothing but complacency,2
2026-03-22 21:06:44,"Tim Cook doesn’t want to talk about retirement yet, but John Ternus is emerging as his most likely successor",701
2026-03-22 21:07:46,"Archived link: https://archive.ph/9dLPO  ✨ Apple Intelligence summary: John Ternus, Apple’s Senior Vice President for Hardware Engineering, is the likely successor to Tim Cook as CEO. With a strong background in product development and a focus on improving product quality and functionality, Ternus has gained the support of Apple’s leadership. However, concerns remain about his ability to drive innovation and navigate the company’s challenges in AI and beyond.",10
2026-03-22 21:13:11,CEO’s don’t talk about that so it’s not surprising. Kathleen Kennedy was asked the weeks preceding her exit and she said the same thing. Means absolutely nothing.,197
2026-03-22 21:15:53,"I think if Tim wants to retire he should. He did the impossible he took over Apple and made it an even bigger company than what Jobs took it to. You can argue they really haven't had that next big innovation under oak, but he's smartly turned Apple into an efficient juggernaut when it comes to building elite chips and hardware.",49
2026-03-22 21:19:47,It feels like he should logically not take over for cook until the end of the Trump presidency in order to avoid the next CEO being tainted by having to kowtow to Trump.,217
2026-03-22 21:21:41,Aw was it take Timmy to work day because otherwise this is just his job.,2
2026-03-22 21:45:34,Tim is an amazing ceo he really did make apple a very very siccessful money printing machine,7
2026-03-22 21:48:25,didnt bloomberg report recently that he's not retiring after reporting that he is? looks like this segment is bringing clicks and must be milked until dry.,4
2026-03-22 21:48:47,I hope John will get the job. I want a tech guy that understands the products and how they work and not an accountant or finance guy that will only focus on maximizing shareholder value.,17
2026-03-22 21:49:35,I think they need to consider how well his successor will fit into the scene at Mar a lago,2
2026-03-22 21:49:57,Bloomberg with another banger. “CEO keeps mouth shut until it’s time to make announcement”   This has to be a joke right? This is journalism ?,29
2026-03-22 22:07:37,As long as he focuses on quality over marketing. I hope the quality teams still have final say on product release/timing and not marketing.,2
2026-03-22 22:27:33,"Enjoy your life, old man. Let others shine.",3
2026-03-23 05:19:56,"It's okay if Tim does not want to publicly speak about succession, but there better be a solid plan within Apple for when he steps down. A CEO's job is not just to run the company, they also have to make sure they've put the right people in place to keep the company growing when they're gone. Disney is an example of a giant corporation that has repeatedly failed to smoothly transition between CEOs and find the right person for the job.",2
2026-03-23 05:58:34,Tim Apple doesn't retire but let's write just another piece of junk about his potential successor anyway.,2
2026-03-23 06:53:09,Goodbye Tim Apple         Hello John Apple,3
2026-03-23 09:17:18,I’m just glad they left Craig as Chief Software. So much more fun things he can do there,2
2026-03-23 13:15:45,"Apple is a $3.5-$4 trillion company (depending on the month), and it operates somewhat like a large country. Cook is a mix of President and Secretary of State for Foreign Affairs, and I don't blame him for prioritizing Apple over personal convictions. It's literally his job, for better or for worse. As for Ternus, the fact that he was reluctant about the Apple Car and Apple Vision Pro is a detail I didn't know and makes me admire him. As technologically impressive as the Vision Pro is, it's a very niche device, and Apple is a mass-market company, even if some want them to behave like a startup. The cycle is confusing. They should have started with lightweight AR glasses for everyday use (which they should only do now after the success of Meta) and simple VR glasses, kind of a simple replacement for a TV, game console, and external monitor. I really don't think you start with a Pro product if there isn't a minimally successful standard device.",3
2026-03-23 16:55:38,"Ternus seems like a solid choice, wonder if he'll keep pushing apple's services growth",2
2026-03-24 08:44:20,"So, it’s John Apple then?",2
2026-03-31 16:59:04,"Warren Buffett says he sold Apple stock too soon and would buy more of it, though not in this market &gt;“I sold it too soon. But, I bought it even sooner, so,” Buffett told CNBC’s Becky Quick in an interview Tuesday on “Squawk Box″ in which he announced he’s bringing back his famed charity lunch.  &gt;Apple remains Berkshire Hathaway’s largest holding even after the conglomerate trimmed its stake to $61.96 billion at the end of last year, according to InsiderScore.  &gt;However, Buffett said Tuesday that he would continue to add to the position if it gets cheaper. He said the iPhone maker is not yet attractive even after falling more than 14% off its recent high, and dropping more than 6% this month. That’s amid turmoil in the broader market, with both the Dow Jones Industrial Average and the Nasdaq Composite in a correction.  &gt;“I’m very happy to have it be our largest holding,” Buffett said. “I was not happy to have it be as large as almost everything else combined.”  &gt;“It’s not impossible that Apple would get to a price, we would buy a lot of it,” he added. “But not in this market.”  &gt;Buffett said the firm has made more than $100 billion in the stock pretax, and was favorable in his comments regarding Tim Cook’s leadership of the firm over Steve Jobs.  &gt;“Tim Cook has done better with the hand. Steve Jobs — he couldn’t have done what Steve Jobs did — but Steve Jobs handed him a hand that Steve would not have done as well,” Buffett said.  &gt;“Tim was a fantastic manager, and he’s a good guy, and somehow he gets along with everybody in the world,” he added. “That’s a technique I wouldn’t have, for example, certainly my partner, Charlie Munger, wouldn’t have had it.”",462
2026-04-20 20:35:07,"Goodbye Tim Cook, Hello John Ternus as Apple CEO Stock reacted down to 267, not much but people mostly expected this.  Cook stays around until Sept 1 to get Ternus, the Hardware SVP up to speed",109
2026-04-20 20:35:08,Tim Cook to become Apple Executive Chairman; John Ternus to become Apple CEO,3699
2026-04-20 20:36:00,"Wow, out of nowhere. And by that I mean that it was reported on extensively for the last year but always denied or deflected by Cook and Apple.",1070
2026-04-20 20:36:07,LFG! Ternus is a very good pick!,46
2026-04-20 20:36:28,Tim cooked but now his Ternus over,1372
2026-04-20 20:36:47,This is very good news even though it’s not really news.,96
2026-04-20 20:36:51,Ah yes. John Apple.,553
2026-04-20 20:37:01,"For how often it was rumored to be ""imminently happening"" over the past five years, it's weird to see that it's finally happening.",41
2026-04-20 20:37:07,"Here's hoping John Ternus puts the focus on products and customers, and not so exclusively on profits.",63
2026-04-20 20:37:09,Effective 9/1/26 fyi,105
2026-04-20 20:37:13,I hope he is more of a product guy and not a numbers guy. I also hope his knees are reinforced and don't bend easily.,339
2026-04-20 20:37:36,"Apple CEO Tim Cook stepping down, John Ternus confirmed as new Apple CEO",17194
2026-04-20 20:37:51,"Quite the historical moment, Cook really stabilized the company at a time when it was most needed and while he was light on innovation, his mark on Apple will probably be felt for generations to come. Goodbye Tim Apple, and welcome to the Ternus era!",33
2026-04-20 20:38:31,Someone else’s turn to polish the orange nob.,1478
2026-04-20 20:38:37,BREAKING: TIM COOK IS STEPPING DOWN AS THE CEO OF APPLE $AAPL,6
2026-04-20 20:39:49,The apple does not fall far from the tree.,113
2026-04-20 20:40:06,Tim Apple is now simply Tim.,3233
2026-04-20 20:40:14,Tim Apple days are over?? John Apple doesn’t ring the same,56
2026-04-20 20:40:31,"Finally, John Apple",7228
2026-04-20 20:41:03,"Apple names John Ternus CEO, replacing Tim Cook, who becomes chairman [https://www.cnbc.com/2026/04/20/apple-names-john-ternus-ceo-replacing-tim-cook-who-becomes-chairman.html](https://www.cnbc.com/2026/04/20/apple-names-john-ternus-ceo-replacing-tim-cook-who-becomes-chairman.html)  Apple said on Monday that John Ternus is succeeding Tim Cook as CEO, with Cook assuming the role of executive chairman on Sept. 1.  “Cook will continue in his role as CEO through the summer as he works closely with Ternus on a smooth transition,” Apple said in a press release.  It’s the first CEO transition for Apple since Cook succeeded Steve Jobs at the helm in 2011, shortly before Jobs’ death.",1876
2026-04-20 20:41:35,Tim Apple is being replaced by John Apple?,933
2026-04-20 20:42:13,"Welp, end of an era I suppose.  And welcome Mr John Apple",30
2026-04-20 20:42:25,"Notably, Srouji is now taking Ternus’ role. As a reminder, Srouji wanted to leave or get a promotion, as the only path to promotion was taking Ternus’ job, which meant Ternus needed to be promoted… to CEO.",39
2026-04-20 20:43:13,"Apple names John Ternus CEO, replacing Tim Cook, who becomes chairman",248
2026-04-20 20:43:34,CEOs work for Chairman.  🍎&lt;🪑,85
2026-04-20 20:44:24,Why? Are there any complaints against Tim Apple?,11
2026-04-20 20:45:02,Hahah remember a few months back where he said he wasn’t leaving cause he liked it so much. Never believe a damn thing a ceo says.,285
2026-04-20 20:45:25,"He was previously hardware chief. Will be good to have a product person at the helm, rather than a finance guy.",879
2026-04-20 20:45:40,Cook moving to Chairman role. He’ll still be involved.,16
2026-04-20 20:46:14,WWDC this year will be Tim’s final GOOD MORNING!,178
2026-04-20 20:46:40,Tim Cook to become Apple Executive Chairman John Ternus to become Apple CEO,7224
2026-04-20 20:46:48,"Apple names John Ternus CEO, replacing Tim Cook, who becomes chairman Cook is out, Ternus is to replace him on September 1, 2026.  Cook does stay on as an executive chairman.  Cook took Apple from about $350 bil to 4 tril one of the greatest CEOs   Ternus is an also a Good guy, a hardware guy actually. Cook is still around though just an executive chairman.  Do you trust Ternus to lead apple into the future?",1296
2026-04-20 20:49:08,"Notable Tweet from Mark Gurman in March:  Apple hardware chief Ternus knows he needs bold new AI products and is the driving force behind its trio of new AI wearables and a big push into the smart home. But he was also — for better or for worse — against the Vision Pro, Apple Car and beefing up the original HomePod.",224
2026-04-20 20:49:16,"&gt; Ternus, a senior vice president of hardware engineering, will join Apple’s board of directors when he becomes chief. Apple’s non-executive chairman Arthur Levinson will become the iPhone-maker’s lead independent director on that date.  Good. Apple is handing leadership to the hardware engineering side. Focus again on building great hardware.   Tim Cook absolutely knocked it out of the park with supply chain diversification, custom silicon development with M series chips etc, but the old apple magic of creating ground breaking hardware products need to come back.  Hope the new guy focuses on creating new, great hardware like old times. There could be a generational opportunity for creating new consumer hardware for the AI era and Apple may shape it like they defined the smartphone market with the iPhone.",653
2026-04-20 20:49:21,"John is a brilliant engineer and manager, and I think he will be the closest option to Steve Jobs vision. Apple Silicon was such a big success that he deserves to be the next CEO. Tim was and is the reason Apple is \~4 trillion dollars, but I think Apple needs to be more innovative in the future, and he is more of a practical, operation-focused guy. It will be interesting to see where Apple will head in the next few years.",32
2026-04-20 20:49:29,John Ternus is only 50 years old too! Lead hardware engineering for a long time in Apple.,66
2026-04-20 20:49:30,congratulations Tim Apple,1725
2026-04-20 20:49:52,Cook is one of the all-time great CEOs and operators. Amazing job by him,592
2026-04-20 20:50:01,"Tim Cook did a phenomenal job as CEO!  With that being said, I think having Ternus as the next leader is a great decision.   Looking forward to the future!",240
2026-04-20 20:50:21,Introducing John Apple®,1062
2026-04-20 20:51:40,Hope he brings back the old style keynotes,272
2026-04-20 20:52:21,Legendary stint from Tim Cook. Congrats to him and John Ternus.,651
2026-04-20 20:52:55,I’m surprised they didn’t pick Craig Federighi,25
2026-04-20 20:53:51,Wow. Kudos to Tim Apple,189
2026-04-20 20:54:10,"Massive news, personally I'm looking forward to a hardware guy leading the helm.",120
2026-04-20 20:54:26,"Tim Cook had \*enormous\* shoes to fill when Steve appointed him before passing, and he's done a fantastic job. It wasn't always smooth sailing (butterfly keyboard MBP generation) but thank to him Apple is in the best shape of its life. Ternus is a great pick and I hope he'll do just as great, if not greater than Cook",120
2026-04-20 20:54:27,Always good to see someone who isn’t a finance guy as CEO,2311
2026-04-20 20:56:30,Don’t know much about this guy but Apple’s hardware has been quite good recently so I’m on board with it.  Also happy to see an engineer be CEO rather than a finance/sales guy.,448
2026-04-20 20:56:30,John Apple coming in hot,57
2026-04-20 20:57:42,"*“This is not goodbye. But at this moment of transition, I wanted to take the opportunity to say thank you. Not on behalf of the company, this time, though there is a wellspring of gratitude for you that overflows inside our walls. But simply on behalf of me. Tim. A person who grew up in a rural place in a different time and, for these magical moments, got to be the CEO of the greatest company in the world. Thank you for the confidence and kindness you’ve shown me. Thank you for saying hi to me on the street and in our stores. Thank you for cheering alongside me when we unveiled a new product or service. Thank you, most of all, for believing in me to lead the company that has always put you at the center of our work. Every day we get up and think about what we can do to make your life a little bit better. And every day, you’ve made mine the best I could have asked for.”*",693
2026-04-20 20:59:25,"This could be really good for apple as john ternus wants to innovate and not do incremental improvements.   Plus, John is the head of the initiative advocating for self repair.",1380
2026-04-20 20:59:34,Craig Federighi is punching the air right now.,87
2026-04-20 20:59:40,"Tim cooked, but now his Ternus over.",160
2026-04-20 21:01:05,Anyone else come here to comment about John Apple and realize someone beat them to it?,40
2026-04-20 21:02:32,"Oh man, with Srouji taking over as Hardware Lead, I think we we’ve got some incredible products in our future, especially if Ternus is able to turn his eye for quality to the software side.",327
2026-04-20 21:03:36,I'd like to welcome John Apple to the party.,40
2026-04-20 21:03:47,Tim Cooked the share price (up literally 1000% since he took over) though he let the iPhone stagnate for a half-decade (until the iPhone 17p which was pretty solid).   Apple Car and the Apple Vision were other missteps - but can't fault them for trying new things I guess.  New chapter incoming. Hope it's a good one...,29
2026-04-20 21:05:23,Big news. Steering more into engineering development now for Apple?,21
2026-04-20 21:06:18,Goodbye Tim Apple!,51
2026-04-20 21:09:04,I feel bad for Tim Apple working past retirement age just to have a comfortable life.,92
2026-04-20 21:10:13,John’s reward for being the one to announce the Pro Display XDR stand at $999 all those 7 years ago,487
2026-04-20 21:12:52,"Taking over for Jobs was basically an impossible job and somehow he pulled it off.   350B to 4T market cap, quadrupled the revenue, and kept the company’s soul intact. Say what you want about the post-Jobs era, but running Apple for 15 years without torching the brand is a legacy most CEOs would kill for.  Thanks for everything, Tim 🫡",293
2026-04-20 21:14:02,"The worst kept secret in the tech sector for the past year and change. It was just a matter of when they’d finally announce it.  Good luck to him. Hope you’re better than your predecessor, John.",2
2026-04-20 21:15:50,It’s Kerns stupid,4
2026-04-20 21:16:30,"Somewhere else, it was posted that APPL will go on a tear, to ensure his legacy.  He knows what is in the pipeline.",6
2026-04-20 21:17:07,That’s a big Apple turnover,480
2026-04-20 21:19:25,What happened when jobs left ? I assume the same.,2
2026-04-20 21:22:07,"Guy’s been at Apple since 2001. At the very least, he’s not a hollow suit coming in to cut overhead to the bone.",617
2026-04-20 21:23:31,Tim Cook Will Step Down as Apple C.E.O.,74
2026-04-20 21:24:42,Tim Cook to become Apple Executive Chairman John Ternus to become Apple CEO,271
2026-04-20 21:25:07,What’s the significance here? Apple stock responded well so I’m assuming it’s good news?,3
2026-04-20 21:25:28,Tim Apple is out. Long live John Apple,42
2026-04-20 21:28:30,What about Tim Apple?,52
2026-04-20 21:30:34,"Whoa, it’s real",29
2026-04-20 21:35:45,"Tim Cook voice: Today, we’re excited to introduce our most advanced CEO ever: John Ternus. This CEO Pro Max Plus Neo, features breakthrough leadership performance, all day energy, and an incredible new executive mindset, built for the future of Apple. “John is our best CEO yet”, said Tim Cook.",181
2026-04-20 21:36:36,About time.  He has been on fumes for the last 3 years.....,3
2026-04-20 21:37:00,I wonder why he’s leaving one month before the end of their fiscal year.,9
2026-04-20 21:37:44,"Trust me. From an investor standpoint, this is great news. AAPL is gonna rip.   1. This was predicted, nothing shocking here.  2. Cook stays on as chairman to be “policy guy” 3. Ternus is an EXCELLENT choice 4. AAPL will be $350 within a year if macro environment doesn’t worsen",34
2026-04-20 21:38:03,"Just finished reading Apple in China, and it’s hard not to come away feeling like Tim Cook traded away any real commitment to corporate responsibility. The scale of Apple’s reliance on China’s low-cost labor is staggering, pushed to its absolute limits, with a clear eye toward repeating the model in places like India.  The deeper moral question is whether that strategy can be justified by its broader impact—namely, helping lift hundreds of millions of people in China into the middle class. But even if you grant that point, the easier critique remains: Apple knowingly partnered with and strengthened a government that continues to suppress free speech and limit basic freedoms.  At some level, it stops being just business efficiency and starts looking like a willingness to prioritize growth and power over principle.",11
2026-04-20 21:40:02,Didn’t Tim just dismissed these rumors a month ago lol,10
2026-04-20 21:45:49,So Apple is done Cookin’ after all,31
2026-04-20 21:47:19,Let’s see what kinda solid gold white elephant gift he gets to give Trump.,12
2026-04-20 21:52:31,Wasn't on my bingo card today....,2
2026-04-20 21:58:30,Whoa they're putting an engineer back in charge? Guess it's time to actually innovate on products again.,41
2026-04-20 22:03:26,"Shoulda named me CEO, yall missed out",18
2026-04-20 22:04:38,John Appleseed.,1
2026-04-20 22:18:44,Tim Apple gave John his Appleseed.,8
2026-04-20 22:21:29,"Goodbye Tim Apple, hello John Apple.",1
2026-04-20 22:31:44,It's John's Ternus,6
2026-04-20 22:51:46,"It's all about perception.   Apple valuation increased from $296.5 billion in Aug 2011 to $3.9 trillion at present (13x growth) in 14.5 years of him being Apple CEO.   In the same timeframe   Microsoft valuation grew by 15x  Google by 25x  Meta by 25x  Amazon by 32x  AMD by 95x  TSLA by 588x  NVDA by 596x  So in nutshell, Tim Cook was the poorest performing CEO among his tech peers.",82
2026-04-20 23:06:27,"White smoke at HQ, a new Apple CEO has been elected",149
2026-04-20 23:10:21,A new Apple has been selected. Long live John Apple.,19
2026-04-20 23:18:40,Will he inherit the black turtleneck?,6
2026-04-20 23:21:35,Throat obviously got too sore from Trump's choad.,16
2026-04-20 23:24:17,Seems like a decent time for him to leave. The Neo is crushing it and they've had the iPhone in space filming from inside Artemis II. I'd say that a good high to leave on.,19
2026-04-20 23:24:44,And we think you’re going to love it!,8
2026-04-20 23:25:29,It's a sad ending for Tim Apple to go out after  his last memorable public act will be debasing himself giving an award to Donald fucking Trump.,8
2026-04-20 23:32:50,"Here we go, fingers crossed, not unexpected, but now it's real      Also, Srouji named Apple’s Chief Hardware Officer overseeing all hardware   Was concerned he might bail but apparently not",9
2026-04-20 23:55:47,Tim Cook is stepping down as Apple's CEO. Investors are $4 trillion richer because of him.,21
2026-04-20 23:55:47,Maybe Tim Apple is quitting at the zenith of Apple. Who knows what happens when AI devices start showing up,1
2026-04-21 00:24:01,Much of apple's primary earning is still from steve job's legacy,7
2026-04-21 00:24:27,"Yes, just him. Not the tens of thousands of engineers, program managers, technicians, and other marketing and sales roles in the company that built on the legacy and foundation that was already there.",15
2026-04-21 00:32:05,I'm not all anti CEO like most of this website and I'd still say it's silly to attribute all that growth to him,7
2026-04-21 00:52:30,Something must be in the works he’s making a swift exit,2
2026-04-21 01:07:39,What’s an executive chairman? Is that just Chairman of the Board or some title under that?,3
2026-04-21 01:39:22,Will this fix Siri?,2
2026-04-21 01:43:57,Nice 🙂,2
2026-04-21 01:44:30,He’s gonna Ternus around 🚀🚀🚀,6
2026-04-21 02:05:20,Please bring back the iPhone mini. I refuse to buy anything bigger.,1
2026-04-21 03:04:56,"Thank you Tim Cook +24.3% per year (thus far) as Apple CEO Tim Cook will be stepping down Sept 1 as Apple CEO, since taking over the job in 8/24/2011  AAPL has returned 24.28% per year  vs  SPX 15.2%  QQQ 20.1%  Dow 10.6%  AAPL market cap was at 348 Billion when Cook became CEO and 4.009 Trillion on April 20, 2026 when Apple announced Cook's replacement.",15
2026-04-21 04:08:50,Island boy retirement!,2
2026-04-21 05:22:21,This is just hilarious 🤣,2
2026-04-21 06:10:54,"Fifteen years after Steve Jobs, Tim Cook leaves a dramatically different Apple | Apple | The Guardian",267
2026-04-21 06:20:51,"we are going to build a desktop cpu to compete with x64,fuck the board.",55
2026-04-21 07:50:08,r/agedlikemilk,2
2026-04-21 07:58:28,"putting a hardware engineer in charge is the most interesting part of this. cook was operations, ternus is the guy who actually built the M-series silicon transition. that signals apple thinks the next decade is about the physical product again, not just services and subscriptions.",3
2026-04-21 08:22:25,"Report: John Ternus to be ‘decisive’ leader, ‘reinvent’ product lineup as Apple CEO",2814
2026-04-21 08:27:16,John Apple,117
2026-04-21 08:32:01,Now give us iPhone with 3 days battery life under regular use,152
2026-04-21 08:34:50,More repairability please.,66
2026-04-21 08:38:15,"$APPL stock without Tim Cook After 15 years, Tim Cook is stepping down as CEO, and it feels like a bigger moment than the market is reacting to right now.  When he took over, the expectation was that no one could really replace Steve Jobs. Instead of trying to be that kind of leader, Cook took a completely different approach. He focused on execution, scale, and building out Apple’s ecosystem in a way that turned it into a $4 trillion company, with nearly 2000% stock growth over his tenure.  Now John Ternus is stepping in, and the timing is interesting. Apple is moving into a phase where the next big challenge isn’t just maintaining what it built, but figuring out how it fits into the AI shift, especially on the hardware side.  What stands out is how calm the market reaction has been. That probably says a lot about how Apple is viewed today. It’s not seen as dependent on one person anymore, but as a system that can keep running regardless of leadership changes.  Still, these transitions tend to matter more over time than in the moment. The real impact isn’t immediate, it’s in how direction slowly evolves from here.  Do you guys feel like this is a natural continuation for Apple, or the start of a more uncertain phase?",57
2026-04-21 08:38:33,What next for Apple as Tim Cook steps down after 15 years,277
2026-04-21 08:42:03,Bullish Apple along with all US tech stocks for the next decade.,19
2026-04-21 08:59:25,He’s the Hardware guy.  [editing here to not loose the main point]  Can we hope for a return to:  _*And one more thing…*_,253
2026-04-21 09:00:57,I like this already. Apple desperately needed a product person CEO who isn’t afraid to take criticism and criticize bad product design.,1253
2026-04-21 09:01:22,"I think as Technology takes a huge leap, with AI already a focus and trying to find market differentiation on a technical level, Ternus is probably the best guy for the job.  Tim Cook was a great CEO from a business standpoint, he unlocked markets, improved distribution and oversaw some key product releases. I imagine he has put processes and way of life changes in place that Apple will follow for the next 20 years as far as the Sales/Marketing/Distribution side goes.  Ternus I'm sure will come in and hopefully be more of a Steve Jobs 2.0 (minus the eccentricity) and focus on product.  I personally am excited to see what Apple do next now as I really think the time is right and it's a good change.",94
2026-04-21 09:03:53,"Until someone makes a better mobile computing ecosystem, Apple will be fine. Even then, Apple is not afraid to cannibalize its products and services so I'd bet on them figuring out the next iteration of the mobile computers.",6
2026-04-21 09:08:48,Pretty soon there will be articles crediting Ternus for key repairs to the Eiffel Tower and the Mona Lisa. Take a breath. He takes on the role in 4 1/2 months. We’ll discover what kind of CEO he is over the next two to five years.,85
2026-04-21 09:23:32,iPhone mini,11
2026-04-21 09:36:41,What would space grey smoke mean?,2
2026-04-21 09:39:43,It's aapl not appl,53
2026-04-21 09:43:41,"its both the handoff feels smooth because cook built a system and ternus knows it from the inside the uncertainty is whether that system fits the ai shift, or if apple needs new risks after the iphone",2
2026-04-21 10:13:20,This could be good or bad.,12
2026-04-21 10:16:59,John Apple,24
2026-04-21 10:17:54,"John Ternus has been doing product launches and keynotes since around 2018. So a lot of people know his face and his voice but they don't know his name. If you show his face, people know who he is as he's been around in Apple media for almost a decade. So Apple customers and analysts will have a familiarity with him.  As far as AI goes, I don't care that Microsoft has CoPilot. I remove it as much as possible on Windows systems and the customer base has been saying, what is this useful for?  What I've been reading on r/mac and associated subs is that people are buying Mac minis and Mac Studios to run LLMs on and that you can't buy one at the Apple website right now. You may have to wait weeks to months to get one. In the case of high memory models, Apple can't even give you a date as to when you can get them.  Apple looks like it is having a banner year for product launches for 2026 and I think that Ternus oversees most of it and now he's moving up a level. I think that it's a good choice and that Tim has groomed him for the job and may have been giving him more CEO responsibilities anyways in his transition process.",9
2026-04-21 10:30:25,"I see this as meaning one thing: More affordable stuff from Apple so they can take marketshare from Windows . Ternus has pretty much said so with the ""this is only the beginning"" comment about the Neo.",59
2026-04-21 10:32:30,I wish I could run a company as badly as people said he did.,70
2026-04-21 10:45:01,"I suspect it will involve releasing iPhones with small incremental changes to the processors, RAM, and cameras, separated by screen size.",15
2026-04-21 10:47:22,vision pro max,41
2026-04-21 10:53:36,Tim Apple was a finance whiz. I just hope that Apple stays smart financially until my grandson gets the stocks I bought.,3
2026-04-21 10:56:51,He only has one syllable in his name so I feel appl is going down /s,2
2026-04-21 10:59:14,Maybe he can stop the bloat,1
2026-04-21 11:17:17,"As long as privacy remains a core tenet, I’m happy.",451
2026-04-21 11:19:12,It’s good that Apple is keeping this as rumoured to an internal succession and not falling prey to the typical big corporate trap of parachuting in some tenured CEO from another company or industry to bring in a “new viewpoint”.  It will be interesting still to see what if anything changes going from Apple being run by an operations guy to an Engineer.,44
2026-04-21 11:27:15,"You don't need to be a showman to be a great CEO. Tim isn't Jobs, and Ternus won't be Tim. It's also not the ""end of an era"" or a complete change of direction. The succession has been planned for a long time. The logic that there isn't a major revolutionary product lacks context. There hasn't been any hardware that has replaced the iPhone, and I don't know if there will be in the next decade because, as I've argued many times, humans are naturally visual beings. The big change is AI, but ChatGPT is a much more powerful substitute for Google for almost everyone (they're even running ads).",28
2026-04-21 11:40:30,The new CEO has been around for a long time. Worked with jobs and cook and it's an engineer and not a bean counter. If he worried if a bean counter took over because they would start cutting corners to save money.,2
2026-04-21 11:42:59,Does this mean that they’ll FINALLY release the next version of Apple 4K tv?  Dumbass idiots.,1
2026-04-21 11:47:19,"There is some real reason to hope Ternus drives more hardware innovation. Especially with iPhone and Watch, as both have become very iterative.  On the other hand we forget some hardware flops that John Ternus might have been involved with. Apple Car flopped not once but twice, evidently costing $11 or more before being canceled. Apple Vision Pro has been a huge flop and we don't hear about it anymore.   Edit - $11 billion.",3
2026-04-21 11:49:14,"I didn’t want to see a hardware guy take over Apple.  The chips guys would have been best, followed by the software guys.   As an Apple shareholder, I’m disgusted with wasted years and opportunities.   Hey Siri should be the default access to the strongest possible AI model.   My AirPods should be able to translate any language in real time.   Apple should be licensing their chips to others needing machines capable of running LLMs locally.   Even the commitment to enterprise customers is so weak and flaccid that only a disgruntled IT person would force his Mac using coworkers to abide by Apples MDM.   This has to stop.  There is no cavalry coming. There are no challengers.  The world is trapped in a cesspool of mediocrity because Apple has been strong on hardware and terrible everywhere else for a very long time.",1
2026-04-21 11:51:47,More Neo-like products,32
2026-04-21 11:57:10,"Rooting for John Ternus to bring the 'wow factor' back to Apple. Plus, it’ll be nice to watch a keynote without seeing Tim’s trademark namaste pose for once.",3
2026-04-21 12:04:43,They picked the one guy that can actually take Apple higher. Plus Tim is still a part of Apple.,6
2026-04-21 12:10:05,Upgraded Home Pod (reintroduction into the Wi-Fi game)   Possible reintroduction into the server game with Ai m-series server blades   Of course the foldable iPhone   We’ll see some software breakthroughs as well.,6
2026-04-21 12:12:28,"This kind of gave me added confidence that the new Siri is truly ready now. I don't think Tim would have done his last WWDC without a grand finale, as Apple lets Ternus take over the launch of new products like the iPhone Fold and the revamped smart home line. It would be a ""good ending"" for Tim and a ""good start"" for Ternus, a new CEO coming from hardware, even though these products have been in development for years under Tim's leadership.",19
2026-04-21 12:26:42,Why do people keep misspelling Tim Apple's name?,4
2026-04-21 12:41:39,Apple's support for MAGA has paid dividends.,1
2026-04-21 12:49:11,What next?,2
2026-04-21 12:49:42,"I am very excited for this change. The last years of Tim Cook have felt very stagnant in terms of innovation.   iPhone models haven’t changed much, besides the iPhone Air being just a thinner variant and rumours of the iPhone Fold (which isn’t that innovative because by the time it actually comes out, foldables will have been a thing for over half a decade already).   Software has gotten objectively worse, too, from countless bugs that appear and never get fixed, to features that are poorly optimized or promised and never delivered,..   I’m not making illusions and thinking he will change everything immediately, but I think it will be a breath of fresh air that Apple needed, and I’m looking forward to the next few years to see what comes out of it.",50
2026-04-21 13:15:29,"Can the product line be more bold, and innovative? Of course.   But to be honest, their current hardware isn’t the problem, it’s the software.",19
2026-04-21 13:17:00,Very bullish,2
2026-04-21 13:48:38,Lmfao that was a good one,2
2026-04-21 13:49:10,Should be in rainbow apple colors,2
2026-04-21 13:56:38,"John Ternus has already been running a ton of the product side anyway. Real issue isn’t leadership, it’s AI. Apple’s still great at hardware, but compared to ChatGPT or Google Gemini, they haven’t really nailed it yet.  If they figure that out, they’re fine. If not, that’s where things get interesting.",3
2026-04-21 14:12:44,Apple’s pick to replace Tim Cook hints at its plans for the AI era,55
2026-04-21 14:24:14,"&gt;the most rapidly evolving technology in the history of computing.   &gt;...   &gt;as AI reshapes technology and the way people use it every day    This is all ""tech media"" is now; hype merchants for a failed product that big tech is still selling to investors as the Next Big Thing™ after the unceremonious failure of all of their previous Next Big Thing(s)™ like VR, cryptocurrencies, NFTs, metaverses, etc.   It funny that they immediately get into the disappointing reality while not acknowledging how disappointing it is:  &gt;Apple has rolled out a suite of AI-powered features for the iPhone, Mac and iPad that can do things like erase unwanted objects from photos, summarize messages, generate images and translate languages.   Oh wow. That definitely sounds like ""the most rapidly evolving technology in the history of computing"" that is ""reshaping technology and the way people use it every day""",16
2026-04-21 14:30:48,Of course he did. Bleh.,1
2026-04-21 14:48:42,"apple is the last bastion of resistance to the whole slap-ai-on-it-just-bcus hype. if ternus did that, he should stop calling himself an engineer.",12
2026-04-21 15:12:09,"Quantifying Tim Cook's time as Apple CEO Tim Cook took over Apple Inc. in 2011.      Here's a list of his accomplishments:      • Revenue: $108B → $416B (\~10–11% CAGR)   • Net income: $26B → $112B (4x+)   • iPhone still dominates (\~50–60% of revenue)   • Stock: $13 → $271 (\~20x, \~1,900%)      • $800B+ returned via buybacks + dividends   • Stock splits: 7-for-1 (2014), 4-for-1 (2020)   • First to hit $1T, $2T, $3T… now around $4.1T      He also built a services biz doing $100B+/yr, scaled wearables into a Fortune 100–sized segment, and transitioned to in-house silicon.      A great run.",656
2026-04-21 15:14:37,You’re missing a huge part of how Apple fell very behind in the AI race. They no longer innovate and the new CEO is supposed to be more AI focused. Apple has huge upside potential if they develop their own AI all Apple users would pay to have an AI bot built into their phone. I’m sure I’ll get hate for this so don’t destroy the downvote button too hard.,16
2026-04-21 15:15:41,"He did what he was supposed to do and more. And now he has the wisdom to step aside when the company needs something different. Nobody is ever a perfect leader, but Tim Apple was pretty damn good.",270
2026-04-21 15:25:01,Tim Cook deserves more credit than the world is giving him for. Much more so than Steve Jobs.,6
2026-04-21 15:26:36,How Apple Became a $4 Trillion Company Under Tim Cook,236
2026-04-21 15:42:41,we could even say that Tim cooked,426
2026-04-21 15:45:16,He maintained a pre-existing artistic direction but otherwise failed to innovate. How are those his accomplishments as opposed to simply things that happened while he was CEO (possibly even in spite of him being CEO)?,5
2026-04-21 15:47:22,"Well, they had probably the strongest mix of products in a lineup of any company in history... so that probably helped.",48
2026-04-21 15:48:34,"I was going to short Apple when Jobs died because I thought without Jobs all innovation would die and so would its market value.   Glad I didn’t. Not much innovation, but incredible brand management and market position dominance.",52
2026-04-21 15:53:53,"Compare the same time periods to Microsoft and Google and you will see that Tim didn't do as good of a job. He's a fantastic operations guy, but he's got the personality of dry white toast and a mediocre CEO.",1
2026-04-21 15:59:07,"you didn't adjust any of the numbers for general economy- and industry-specific trends. Microsoft's net income increased from $23B to $101B by end of 2025 or by 4.39 times (better than Apple). What if the industry has just been doing well and little of that can be attributed to Apple's CEO? As another point of comparison, Berkshire Hathaway's net income in the same period increased from $10.2B to $67B or by more than 6 times",9
2026-04-21 15:59:35,Exploiting the worker and corruption,1
2026-04-21 16:10:14,"I am hoping for more ""6 new emoji"" iOS updates.",3
2026-04-21 16:14:26,"Amazing. When Jobs left, people expected the company to be doomed only for Cook to take it to next level as a business. Jobs might have taken more swing but Cook ensured it ran like a well oiled machine scaling where as expected. Of course failures of Apple Car/TV and many other swings meant they are not as exciting as Jobs era. But Cook did add Apple Watch, Air pods etc and took the Software revenue to next level.   the next CEO has a big shoe to fill. Need another Supply Chain person in his team.",41
2026-04-21 16:31:18,"the criticism he typically gets is that apple wasn't as ""innovative"" under him as they were under steve jobs, but it's hard to fault him too much for that given steve jobs was a generational visionary and tim cook put up numbers (unlike the ceo the first time apple lost steve jobs in the 80's/90's and failed hard until he returned)",11
2026-04-21 16:37:32,AAPL dropped today,7
2026-04-21 16:48:59,Top Leaders React to Apple Announcing Tim Cook Will Step Down as CEO,701
2026-04-21 16:49:06,finally making room for Tim Apple? 🫪😁😂,3
2026-04-21 16:54:57,John Apple Seed is the best CEO we have ever made 🤣,2
2026-04-21 17:19:20,iFumata Bianca 💨,2
2026-04-21 17:39:15,"While having low PE as wall street hates them for not selling ""future"". Meanwhile other companies can report loses and their stock can rally as it has ""future potential"".  Also, low dividends which Wall street hates.",37
2026-04-21 17:40:37,It always felt with the introduction of the MacBook Neo Cook finally achieved his dream of the „Apple ladder“ where you can get quality products for basically any budget. Quite a fitting time for his retirement. Apple would never be the powerhouse they are today without him.,223
2026-04-21 17:52:08,Tim Apple*,23
2026-04-21 18:26:22,People complain about Tim Apple because he wasn’t “innovative” as Jobs. As Buffett once said Jobs did what Tim couldn’t do but Tim did what Jobs couldn’t do. He played a massive role in the development of the company. Thank you for everything Tim Apple!,7
2026-04-21 18:27:44,"Cook went monetizing devices down to the ports.  Jobs focused on amazing products that sold themselves. He also went for market share (even with macOS that decidedly lost to Microslop) which would blown up their profits.  Jobs had vision. Cook never looked past money, which is sadly inherently myopic.",1
2026-04-21 18:29:26,Good run but he left us a parting gift just to screw us - iOS Liquid Glass. And royally messed up the Photos app last year.,2
2026-04-21 18:46:40,It would be crazy if this phone/computer company went into the mp3 world. I imagine an mp3 player that’s like an iPhone but on plays music.,2
2026-04-21 19:04:57,No pressure John Apple,12
2026-04-21 20:19:17,"Tim Cook Says He's 'Healthy,' Plans to Remain at Apple 'for a Long Time'",2036
2026-04-21 20:22:29,I lost so much sleep worrying about him.,110
2026-04-21 20:39:00,Wasn’t a doubt in my mind…until he said that.,1290
2026-04-21 20:42:03,"I mean he’s 65 and he’s worked his ass off all his life, the guy deserves a break. Let him enjoy (semi) retirement. I’m sure he’s healthy as hell, his main hobby is running and hiking.",523
2026-04-21 20:47:18,"iPhone is why, plus smart decisions of branding and the right amount of spending on quality while cutting other costs.",5
2026-04-21 21:05:33,"""I'm in good health and not suicidal""",135
2026-04-21 21:19:04,Didn’t he say the same thing about staying CEO? Lol,30
2026-04-21 21:43:15,"Steve was a visionary, but Tim was the one Apple needed next to lead it past that initial vision into actually leveraging its position best  I can’t imagine the pressure for next guy to live up to those two   2:2 so far, but can we make 3:3",33
2026-04-21 22:34:11,hope he stays in the AppleTV department and keep pushing all the shows’ renewals 🙈,8
2026-04-21 22:58:47,He won’t be the fall guy,3
2026-04-21 23:01:22,It's Tim Apple and John Apple to you.,3
2026-04-21 23:45:06,"Well, duh…he did have an Apple a day, so he kept the doctor away!",28
2026-04-22 00:03:19,he’s probably exhausted but will be way better and itching for a new thing in a few years,3
2026-04-22 00:10:58,"He'll be a background figure, just like Phil Schiller and Eddy Cue are nowadays.",3
2026-04-22 00:15:47,A Honeycrisp a day keeps Tim Honeycrisp healthy!,3
2026-04-22 00:22:33,"He is healthy is the BMI ratio sense. However, leading a trillion dollar company for over a decade will put tremendous wear/tear on the body (the stress, the lack of sleep). Not unlike a professional athlete who can only sustain such rigour for a limited window. Tim's window has closed. Time for him to just chill, enjoy life, and move into the mentor/advisor phase of his career. Good for him.",67
2026-04-22 00:35:13,Does Ternus like it in the Anus ??,1
2026-04-22 00:36:55,https://jobsvscook.com/,1
2026-04-22 00:39:29,"New Apple CEO John Ternus doubted himself when he started: ""I wasn't sure I belonged""",742
2026-04-22 00:39:39,20x in my apple stock. He is the fucking goat.,2
2026-04-22 00:54:58,"I mean, he was 25 when he joined Apple. Imposter syndrome is real.",460
2026-04-22 01:04:15,"Yes but the spark and magic and innovation is gone. It’s largely a phone company now. Most innovative new product is what, Apple Watch? AirPods?   Obviously he’s been good for investors. No doubt.",2
2026-04-22 01:41:11,The fact that the only time this man ever spoke publicly was at this commencement address and all the news outlets are making stories from it is hilarious lol. They didn’t even know his age until it was confirmed in filings yesterday 😂,120
2026-04-22 02:59:57,He’s just like me fr,22
2026-04-22 03:08:15,Bro is Johnny Appleseed,40
2026-04-22 03:09:18,"I just assumed that he felt that 15 years in the big seat was enough and wants to relax, job ain’t easy",4
2026-04-22 03:14:11,"Sociopaths don’t doubt themselves, and you don’t get to a point where you’ll be a billionaire without being a sociopath.",1
2026-04-22 04:05:28,It’s wild to amass all that money and become the 1% and not cash out and go enjoy your life away from it all. Power and prestige; and money - destroys your humanity.,8
2026-04-22 04:27:04,Why the quotation marks around healthy? Makes me think of someone making air quotes with their hands when saying that.,4
2026-04-22 05:02:36,He also said that he was going to be CEO for a long time like last month…,7
2026-04-22 05:43:16,"Good time to remind folks that Tim Cook *personally* contributed $1 million to Trump’s inauguration fund. In return, he gets a post on social media after his retirement announcement that “he kissed Trump’s ass”. Be careful who you get into bed with…",10
2026-04-22 06:34:05,I promise you he still battles this. It never goes away regardless of promotions pay or time,62
2026-04-22 06:53:51,"Who tf cares what other ""leaders"", who are not even in the same universe of competency, have to say about ANYTHING.",4
2026-04-22 09:27:14,Don't worry about it John. We are still sure you don't.,1
2026-04-22 09:44:44,“How Apple went from product-first to shareholder-first under Tim Cook”,3
2026-04-22 09:48:49,Did he do the air quotes?  “I’m “””healthy”””.”,3
2026-04-22 11:25:53,Are we going to publish an article on every small tidbit about his life? Who tf doesn’t have doubt when starting a new job?,11
2026-04-22 12:35:39,Lucky us,3
2026-04-22 12:36:08,"It’s John Apple now, thank you for your attention to this matter.",2
2026-04-22 13:16:46,That means he's on the good end of the Duning-Kreuger curve.  The people who question their own abilities are consistently the most competent.,13
2026-04-22 13:33:36,"That’s okay, my M1 MBP was going to be my last Apple anyway, after Cook bent the knee to Trump. This just reinforces the fact that my next laptop will be running Linux on some other hardware.",2
2026-04-22 14:15:27,"Enjoy the retirement and the billions, tim🫡",3
2026-04-22 16:34:19,"As planned, Cook’s replacement will be incrementally better but virtually indistinguishable from himself.",2
2026-04-22 18:14:21,"Less features, higher prices.",2
2026-04-22 18:57:02,Tim Cook turned Apple into a $4 trillion juggernaut by not trying to be Steve Jobs,2790
2026-04-22 19:12:48,IMO the user interfaces were better when Steve was dogfooding.,160
2026-04-22 19:17:47,I wrote something about this yesterday. In 2011 Tim Cook was the correct CEO for Apple and in 2026 its a product guy that Apple needs: https://volatileinputs.com/2026/04/apple-needed-tim-cook-now-it-needs-john-ternus/,120
2026-04-22 19:24:18,Because  Tim cooked,2
2026-04-22 19:26:09,"I actually don't want to take anything away from what he did, but didn't all of the major tech companies have similar growth over the last 15 years? Microsoft, Google, Meta, etc.? And what percentage of that growth is simply the iPhone?  There are only two players in smartphones: Apple and Android. That's been true since before Tim took over. Pretty much every human being over 12 years old in the developed world has one of those devices. How could Apple not be insanely successful under those market conditions?",34
2026-04-22 19:26:20,"I think Tim Cook will be remembered best for masterfully navigating the difficult supply chain landscape especially during COVID, where other companies struggled despite shipping much less than apple.",751
2026-04-22 19:58:37,My biggest hope of JT is that he doesn’t try to be Tim Cook and chase the stock growth. They have a big buffer in cash and stock price and should be able to take bigger swings because of it.,24
2026-04-22 20:01:29,In an ideal world you need both. A bold visionary like Jobs and a seasoned manager like Tim Apple.,649
2026-04-22 20:23:34,Oh boo fucking hoo,1
2026-04-22 21:30:36,"I genuinley don't get why people claim things would have been drastically different if jobs was still alive.   Like its not Cook didn't launch new product categories. Apple Watch, Vision Pro, Airpods line and a pretty stark redesign of the iPhone with the iPhone X.   Also when Jobs launched something, he didn'g redesign it a year later and also iterated on it over many years.",114
2026-04-22 21:43:14,"The interesting question is if Tim Cook was a better CEO than a living Steve Jobs would have been in the same 15 years.  Riding / growing the disruptive iPhone in a deliberate, careful, scalable way was probably best for the stock price.  Jobs may have had more innovation in him, but would his more renegade ways have sabotaged the iPhone? One overly ambitious iPhone dud/failure/controversy could have really stalled the entire operation. Which Cook never had.",25
2026-04-23 02:00:04,This will usher in a new golden era for AAPL investors. I have a feeling we will be breaking 300 very shortly. Steady as she goes fellows and ladies…,4
2026-04-23 02:39:47,"I miss the days when CEOs were chosen for their actual skill level in the crafts and production of the needs of the people, and not whoever the previous CEO happened to smoodge at parties.",1
2026-04-23 02:45:27,The money won't be remembered.  The innovations of his predecessor will.,17
2026-04-23 03:36:35,they let Tim Cook,17
2026-04-23 04:27:13,"Jim Cramer says Tim Cook accomplished something ""almost impossible"" as Apple CEO",224
2026-04-23 04:31:12,"&gt;CNBC’s Jim Cramer reflected on the legacy of Tim Cook, arguing that the longtime leader of Apple achieved something many in corporate America consider “almost impossible.”  &gt;“You have heard a lot about Tim Cook and for good reason,” the “Mad Money” host said. “He built the greatest consumer-based enterprise in history.”  &gt;Cramer pointed to Cook’s farewell letter where the CEO described starting his mornings by reading emails from customers. Many shared personal stories about how Apple products impacted their lives. In one example, Cook referenced messages about the Apple Watch helping save lives.  &gt;“In every one of those emails, I feel the beating heart of our shared humanity,” Cook wrote, underscoring what Cramer sees as a defining trait of his leadership — a deep, genuine commitment to the end user.  &gt;According to Cramer, that philosophy helps explain why Apple succeeded in a space where many companies struggle to maintain dominance. He drew a distinction between consumer-focused businesses and enterprise-driven firms, noting that Wall Street historically assigned higher valuations to enterprise companies because their customers tend to be more predictable. “Enterprise customers tend to be consistent, sticky, while consumers are fickle,” he said.  &gt;When Cook took over in 2011, Apple’s stock traded at a price-to-earnings multiple in the low-to-mid teens. Today, it commands a multiple around 30 times forward earnings, according to FactSet, which is more commonly associated with higher-margin software companies than less-profitable hardware makers. To Cramer, Apple’s expanded valuation reflects Cook’s ability to transform the company from a cyclical device business into a trusted brand with loyal users and more durable, recurring revenue streams such as iCloud storage and Apple Music subscriptions.",7
2026-04-23 04:35:50,"Cook turned Apple into a services machine with insane loyalty, that part is real.   Cramer hype aside, the execution and consistency over 15 years is hard to argue against.",64
2026-04-23 04:44:49,Ok. Let's make better software now,7
2026-04-23 04:53:57,"Time to sell AAPL, Cramer just called the top.",4
2026-04-23 04:54:56,He made Apple grate again,2
2026-04-23 07:04:14,"In other words, the rich, the wealthy, the powerful, the small, the honest.. we are all human and all have emotions, anxiety, doubts, etc.  Hats off for him to just say this out loud though. I think the biggest flaw of wealthy/powerful people is they hide this part of being human. It feels corporate and unauthentic.",2
2026-04-23 08:07:45,"Missed in the Tim Cook retirement news . Johny Srouji already restructuring Hardware division “He said the team will be organized into hardware engineering, silicon, advanced technologies, platform architecture and project management divisions.”  Hardware engineering under Tom Marieb  Apple Silicon under Sri Santhanam  Platform Technologies under Tim Millet  Advanced technologies under Zongjian Chen  Program Management under Donny Nordhues",600
2026-04-23 08:09:20,The GOAT.,1
2026-04-23 08:30:30,"For once I can agree with Jim: Tim Apple did indeed accomplish the impossible: he singlehandedly had ruined the efforts of so many people with their hearts in the right place because he chose to be a Trump muppet. All those DEI initiatives—thrown away because of one spineless, greedy idiot.  And yes, I am the king of parties. I can confirm.",1
2026-04-23 09:08:43,Cook facilitated the greatest buildup of the Chinese manufacturing boom and he managed to damage his reputation on a single night of tone deafness.,3
2026-04-23 10:28:00,Srouji got a promotion. He now runs hardware engineering plus silicon plus platform architecture. Ternus has CEO title but Srouji has the actual hardware division. That's the real power shift here.,271
2026-04-23 11:51:39,"Fantastic. I’m all for changes within the engineering management that will result in better products.   As an engineer, I’m excited for what’s ahead with Ternus’ lead. Maybe we’ll finally have competent, stable software again.",55
2026-04-23 12:10:20,"Apple CEO Tim Cook on What Advice He'd Give His Successor - Wall Street Journal \&gt;Tim Cook, the longtime leader of Apple, is stepping down after transforming the iPhone maker into a titan of the technology industry, handing the reins to veteran engineer John Ternus. ⁠  ⁠  \&gt;Here’s the advice that Cook said he’d give his successor in early April.⁠",63
2026-04-23 12:36:45,Tim Cook Calls Apple Maps Launch His 'First Really Big Mistake' as CEO,5204
2026-04-23 12:48:52,Siri is his second big mistake...,162
2026-04-23 13:06:24,It’s how Scott Forstall ended up canned.  https://preview.redd.it/10ndry2fvxwg1.jpeg?width=637&amp;format=pjpg&amp;auto=webp&amp;s=e99123356b7571ec32eb67832ce33db4901747b9,829
2026-04-23 13:13:04,"The m series devices were one of the biggest disruptions and most excellent changes in technology in my lifetime.  I put it up there with the internet, email, and web browser.  It was no small decision.",1
2026-04-23 13:45:16,Destroying the brand?,1
2026-04-23 13:47:51,the real silver lining is to never have to hear Cook’s robotic voice that never broke script from the PR rhetoric to say anything memorable or even “human.”  pretty sure he is first gen ai.,1
2026-04-23 13:48:28,"&gt; ""We apologized for it, and we said, 'Go use these other apps. They're better than ours.' And that was some humble pie,"" Cook said. ""But it was the right thing for our users. And so it's an example of keeping the user at the center of the decisions that we made.""  Apple specifically launched it early because Google didn't have a maps app out yet.  Timeline stuff:  1. Apple and Google made a Google maps app together and included it in iOS 2. Google made a Google maps app for android which had much better features, like turn by turn navigation and vector graphics 3. Apple asked Google to allow those features on iOS as well 4. Google was ok with this, if they got more user data and deeper integration with iOS 5. Apple hated this and started developing their own maps app 6. Google and Apple were negotiating for how to keep this business arrangement going 7. **Apple surprise launches Apple maps**, long before their existing arrangement with Google was set to expire 8. Google had not yet made Google maps for iOS 9. Google had to rush out Google maps for iOS, a process which took 4 months  Apple surprise launched Apple maps on purpose to catch Google off guard and ensure that for a couple of months there was no Google maps app for iOS. So it is kind of funny to hear Tim describe it as ""Go use these other apps. They're better than ours."" when Apple was the reason why there was no Google maps.",326
2026-04-23 14:14:26,"Hardware of apple is ok now, somebody gotta look into software, it's disgusting.",29
2026-04-23 14:26:54,Tim Cook: Great for Apple Investors. Not as Great for America.,75
2026-04-23 14:31:42,Tim “Bends the Knee” Apple,1
2026-04-23 14:32:06,lmao this is some stupid crap they are putting out here,10
2026-04-23 14:33:38,Go and sue capitalism,4
2026-04-23 14:34:54,"This is complete horseshit. Apple has kept America at the center of tech design, made us a cultural powerhouse as one of the few truly global brands, and probably singlehandedly propped up a massive part of our economy for years. Insane take",36
2026-04-23 14:37:39,"Tim is a businessman, not a politician.  Tim was responsible for the growth of Apple. He did this by finding cheap labor and emerging markets to put his products in.  If the US had a problem with that, it’s the US politicians who are to blame for not passing laws that dictate those business ventures.  This article glosses over all of that to essentially label Tim a bad politician.  There are some valid bigger picture points here, but it’s a cheap shot at Tim (the businessman) for doing his job when others (politicians) weren’t doing theirs.",36
2026-04-23 14:43:20,"I can’t read the whole article but it should be said Apple moved to China primarily because they could actually do the complex engineering required in a short time span.  The cheaper labour costs were a big benefit but there are so many stories in Apple in China where Apple tried their hardest to keep manufacturing in America and Europe but were met with constant “we can’t do that, that’s not possible, etc” whereas in China and Taiwan they said “this is possible and we will do anything you ask” which led to the creation of new manufacturing processes which has allowed China to become such a technological powerhouse.  My favorite story in the book was how someone from Samsung who was involved in an iMac factory in the UK interrupted an Apple executive who was trying to push them to do better with the color production of the G3 to tell a joke with the punchline that was basically  “Americans are dumb”    And while I wish Cook would do better when it comes to pushback against trump, why should that be his job? Seems to me that should be the democrats job but we seem more likely to blame celebrities and business leaders rather than our political ones.",13
2026-04-23 14:44:54,"The author of this peace wrote the excellent book ‘Apple in China’ which covered a lot of the unexpected side effects of Apple’s massive investment in China, and the difficulty now in beginning to shift away from being so reliant on China.  For me this is the most striking:  &gt; The price of doing business in China was turning a blind eye to its increasingly authoritarian impulses. Apple has removed tens of thousands of apps from its Chinese App Store at Beijing’s direction. It moved mainland Chinese users’ iCloud data to servers operated by a state-owned company, likely exposing their personal data to the government. (Apple says it’s adhering to China’s laws.)  Apple, and big tech in general, have been more than happy to bend to authoritarian demands around the world but specifically in Russia and China. The apologists in this sub will usually say ‘well that’s just their local laws and Apple doesn’t have a choice’ as if basic human rights and access to information are fine to be restricted. And now with the Trump administration it’s also happening here. They were fine with it then so why would we expect anything different now?",4
2026-04-23 14:46:20,"“If President Xi Jinping’s imperialist instincts fade, Mr. Cook will be remembered for helping bring capitalism and liberalism to one of the most populous countries in the world. If the tensions between China and the United States continue to escalate, especially if Beijing makes good on its threats to attack the island of Taiwan — a democracy that happens to produce the vast majority of the world’s semiconductor chips — Mr. Cook will be remembered differently.”  Would Tim Cook be the greatest leader in global geopolitics?",4
2026-04-23 14:50:52,Apple hardware is good. Who's handling software?,71
2026-04-23 14:54:49,"This anti-Chinese talk is nonsense. There is no bigger threat to the world than the USA. China hasn't started any wars.  As for ""imperialist instincts""; while the US is wrecking the world with its continuing imperialist adventures, China has been quietly building its own ""empire"", without violence, successfully.  China has a vast industrial infrastructure that is much, much bigger than just Apple. The idea that Apple is ""bringing technology"" to China is laughable.  Tim Cook took everything Steve Jobs prepared - perhaps most notably the changeover to UNIX -  and boosted the profit-making aspect of the company. All the innovation was done before Cook arrived. There have been no major changes to the underlying MacOS - nor could there be without wrecking it.   Cook's contribution has been to make it look ""innovative"" but the real innovation was done before.",1
2026-04-23 15:07:10,Apple made a very public donation to an organization that was implicated in funding the KKK so it tracks.,1
2026-04-23 15:08:29,"Tim is a shareholder guy through and through. He doesn’t care about products, users, America, or anything else - only pleasing the shareholders.  Apple funnels all of their business through offshore tax havens to ensure that America, and any other country, benefit as little from Apple’s success as possible, leaving more for the shareholders.  Sadly that’s just normal for the world we live in though.",6
2026-04-23 15:24:49,What does an executive chairman exactly do? Does he have any decisive power?,3
2026-04-23 16:07:57,"It is everyone’s job, especially if you have influence, to fight fascism.",2
2026-04-23 16:33:01,Tim Cook is the last person on earth who should be talking about keeping the North Star on the values of the company…,1
2026-04-23 18:30:01,"It's amazing how many of us, in our love for Apple over the decades, fail to see this part of the legacy clearly for its impact on humanity, and the environment. They've improved since then but they were as bad as the worst corporations on these issues for a while.  &gt;Mr. Cook started at Apple as a senior vice president of operations in 1998 and quickly overhauled Apple’s manufacturing strategy to rely on inexpensive labor overseas. By owning the process rather than owning the factories, Apple could retain control over production while offloading the manufacturing risks to suppliers.  &gt;\[...\]  &gt;The price of doing business in China was turning a blind eye to its increasingly authoritarian impulses. Apple has removed tens of thousands of apps from its Chinese App Store at Beijing’s direction. It moved mainland Chinese users’ iCloud data to servers operated by a state-owned company, likely exposing their personal data to the government. (Apple says it’s adhering to China’s laws.)  &gt;Mr. Cook has spoken out in favor of voting rights, the environment, gun control and L.G.B.T.Q. protections, but he has been conspicuously silent on China’s subjugation of Hong Kong protesters, the persecution of Uyghurs in Xinjiang or the 20-year sentence of the pro-democracy media tycoon Jimmy Lai. Most revealing of all, since taking over as Apple’s C.E.O., he has not set foot in Taiwan — a thriving democracy, but a rogue province from Beijing’s perspective. That the chief of the world’s most iconic technology company won’t visit its most important chip suppliers is telling.",4
2026-04-23 19:43:02,"To me it sounds like Srouji was thrown a bone to stay.  Smart or move him up so that Ternus is not a lame duck in his current role, and Srouji can assume control of hardware right away.  Do we know if Srouji and Ternus pushed in opposing directions on anything?",2
2026-04-24 14:57:00,Long time coming. Dude kept the company in good shape for 15 years which is genuinely staggering when you compare the development pre and post Jobs.,3
2026-04-24 15:11:10,Do the complete opposite of what I did.,1
2026-04-24 16:10:35,"Apple CEO Tim Cook Steps Down: The Man Who Made Apple a $3 Trillion Empire - Charlie Rose \&gt;Tim Cook is stepping down after 11 consequential years as CEO of Apple, one of the most innovative companies in the world. Following founder and visionary creator Steve Jobs, Cook was the right person for the job as Apple organized and consolidated Jobs’s brilliant insights in product development, then scaled them - and the company - across the globe.  \&gt;Born in a small town in Alabama, Cook attended Auburn University and Duke University. He worked at IBM before being recruited by Jobs to join Apple in Silicon Valley, where he put his operational talents to work. As CEO, under Cook’s leadership, Apple became the most valuable publicly traded company in the world, growing into a multi-trillion-dollar enterprise while expanding its services revenue stream. Under his leadership, functionality was enhanced across Apple products, the integrity of its ecosystem was maintained, and multiple manufacturing bases were added to its supply chain. Along the way, Apple became an economic powerhouse.  \&gt;Tim Cook will continue to impact the company as executive chairman. John Ternus will become the new CEO.",153
2026-04-24 16:23:12,"Tim Cook, all the Apple employees, all the factories all around the world and the underage kids in colbalt mines made Apple $3 trillion dollars.",22
2026-04-24 16:30:54,$4 trillion at the point they announced it I believe.,3
2026-04-24 16:31:37,It’s worth noting that this interview is from 2014.,58
2026-04-24 16:39:44,"He removed the ice tracking app, he gave trump cash and awards while being LGBTQ himself   Meanwhile iOS can't even have a torrent client a true hypocrite",1
2026-04-24 17:03:39,"Using all innovation budget for stock buy backs, that’s how he did it",2
2026-04-24 18:20:08,"Six things I'll remember when I think about Tim Cook's version of Apple - ArsTechnica \&gt;Under Cook, Apple became hugely successful, if not always surprising.",51
2026-04-24 18:24:02,"I swear just about all the people talking about Apple's ""lack of innovation"" are the same people who also criticize them getting in on the ground floor of AR with a product that's closer to a dev kit than something ready to sell a billion units.",16
2026-04-24 18:25:08,"Here are the 6 things Andrew Cunningham says he’ll remember about Tim Cook’s Apple:  **1. Quiet hardware successes (Apple Watch, AirPods, etc.)** — No single product matched the iPhone/iPod/iPad in significance, but Cook’s Apple excelled at accessories that extended Jobs-era products: AirPods, Apple Watch, HomePod, Apple Pencil, Apple TV, CarPlay. They gave people reasons to stay in the ecosystem.   **2. Apple as a cloud services company** — iCloud, Apple Music, Apple TV+, and bundles like Creator Studio drove growth. Services revenue alone hit $109B+ in 2025, exceeding Apple’s total 2011 revenue. Downside: more upsell prompts, ads creeping into App Store and Maps.  **3. A penchant for iteration** — The iPad lineup expanding from one model to a full range, the Apple Silicon transition, and steady yearly Mac/iPhone refinement. Not always slam-dunks (mid-2010s Mac neglect, butterfly keyboards, Liquid Glass redesign criticism), but a reliable cadence of fixes.  **4. A big swing that missed: Vision Pro** — Cook’s most Jobsian attempt at a center-of-your-life device. The $3,499 price, lack of killer apps, and the social awkwardness of the form factor have left it in purgatory. Ternus reportedly wasn’t a fan and may either kill it or radically rework it.  **5. Apple goes along to get along** — Cook downplayed Apple’s stated principles to maintain access in China (App Store censorship, Taiwan flag removal, data on state-controlled servers) and curried favor with the Trump administration (personal $1M inauguration donation, gifted statue, ballroom funding). The approach got Apple tariff relief and market access.  **6. Pivot to video** — Live keynotes gradually gave way to slick pre-recorded videos, especially post-pandemic. Easier on presenters, but emblematic of Cook-era Apple overall: more polished, more predictable, less surprising.  Source: Andrew Cunningham, “Six things I’ll remember when I think about Tim Cook’s version of Apple,” Ars Technica, April 24, 2026.​​​​​​​​​​​​​​​​",14
2026-04-24 18:43:45,"Aside from all the business successes, for me Tim Cook will always be the “good guy” in tech. in a small circle of extremely selfish and manipulative CEOs, Tim is a genuinely good human.",1
2026-04-25 15:31:21,I think Apple is going on a loop   from a product oriented ceo - to a management/supply - to a tech/product again   and this is probably a good thing.,2
2026-04-26 02:40:22,"No one cares about how much money he made for Apple. No one likes him. He doesn’t have creativity or charisma. He’s a business guy, not a product guy. Thank God he stepped down.",1
2026-04-26 23:01:01,Apple CEO Tim Cook turned Apple into a $4 trillion juggernaut by not trying to be Steve Jobs,6253
2026-04-26 23:04:51,Who’s to say they wouldn’t be a 10 trillion dollar company if he did.,889
2026-04-26 23:06:54,"Aw great, another piece sucking some CEO’s dick",1430
2026-04-26 23:07:58,"I'm not trying to be Steve Jobs either, so this doesn't always work.",2905
2026-04-26 23:10:06,"No CEO in the history of the human race has ever been left a better starting hand than Tim Cook was left by Steve Jobs. They were lightyears ahead of the competition.  Now they’re behind on everything, making promises they can’t keep, wasting billions of dollars and a decade of R&amp;D on dead-ends like self-driving cars and the AVP.",40
2026-04-26 23:14:42,"Well Steve Jobs made Apple undeniably Apple when he had to rescue the company he was kicked out of. I don't think they'll forget that any time soon, they have made multiple movies about it. Tim Cook just played it safe.",157
2026-04-26 23:19:22,"Steve Jobs' perspective: Let's make amazingly great products that people have never even thought of. Also, yell at people.  Tim Apple's perspective: Don't do anything super stupid to ruin this gravy train. Has idea ever: Make products thinner —&gt; ??? —&gt; profit.",133
2026-04-26 23:20:18,"I just got a new iPhone 17 pro… the actual differences from my 13 non pro are so insignificant I am struggling not to return it.   He may have made it a juggernaut but they definitely lost a lot of innovation.  On the other side, they bet big on arm and fucking killed it.",95
2026-04-26 23:30:09,Your worship of profit is punished by the enshittification of everything you love. what’s worse is it’s not even your money,125
2026-04-27 02:39:47,"Giving Trump a rimjob was very unlike Jobs, as much as I think Jobs was a charlatan he would never do that.",25
2026-04-27 22:22:12,"This interview has always fascinated me. It’s probably the most human I’ve ever seen Tim Cook act. He talks about his idols, speaks vulnerably, and even fights Charlie a bit.",2
