pubDate,title
2026-04-27 21:45:46,Former NBA Champion Called Celtics ‘Guaranteed’ — Then Boston Delivered in Game 4 Rout - heavy.com
2026-04-28 16:10:33,"Boston Celtics vs. Philadelphia 76ers: Where to watch Game 5 tonight, time, channel and more - Yahoo Sports"
2026-04-27 14:09:27,Celtics Gain Ground In NBA Finals Odds Following Game 4 Win Against 76ers - NESN
2026-04-27 15:16:47,"Spurs, Celtics Skyrocket in Latest NBA Finals Odds; Lakers Remain in Top 8 - Sports Illustrated"
2026-04-26 22:40:00,"How to Watch Celtics vs. 76ers Game 4: Channel, Live Stream & Start Time for 2026 NBA Playoffs - NESN"
2026-04-28 05:04:00,"2026 NBA playoffs: Schedule, scores, news and highlights - ESPN"
2026-04-13 07:00:00,"Who’ll win 2026 NBA Finals: Thunder, Spurs or Celtics? Anonymous player poll results - The New York Times"
2026-04-14 07:00:00,"2026 NBA playoffs: Predicting each series, including the Finals - ESPN"
2026-04-27 22:46:00,"2025-26 NBA Odds: Thunder, Celtics Favored to Meet in Finals - FOX Sports"
2026-04-28 21:03:00,What time do the Sixers play tonight? What channel is Sixers vs Celtics - Delawareonline.com
2026-04-28 13:22:00,This Day In Sports: An unbreakable record of championships - KTVB
2026-04-28 05:19:00,"2026 NBA playoff bracket: Matchups, schedule as Thunder advance with sweep of Suns - CBS Sports"
2026-04-28 13:24:28,"2026 NBA playoffs first-round series odds: Celtics, Spurs favored for close-out wins - The Athletic - The New York Times"
2026-04-28 16:41:14,The Celtics Must Continue to Trust Payton Pritchard - The Lead
2026-04-28 10:00:00,"Today in Boston Celtics history: Red Auerbach retires as coach, 1966 championship won - Celtics Wire"
2026-04-28 18:47:37,"76ers vs. Celtics Prediction, NBA Playoff Picks, Spread – 4/28/26 - PrizePicks"
2026-04-28 14:00:00,"Road to the NBA Finals: NBA Playoff Predictions, Picks for Every Game on Tuesday - Sports Illustrated"
2026-04-27 07:00:00,"2026 NBA Play-in Tournament, Playoffs & Finals Schedule - NBA"
2026-04-28 15:00:20,"Celtics vs 76ers NBA Playoff Game 5 Prediction: Odds, recent stats, trends and best bets for April 28 - NBC Sports"
2026-04-25 07:00:00,"Celtics 131-92 Lakers (Jun 17, 2008) Final Score - ESPN"
2026-04-28 08:00:01,"How to Watch Celtics vs. 76ers Game 5: Channel, Live Stream & Start Time for 2026 NBA Playoffs - NESN"
2026-04-27 01:35:00,"Celtics vs. 76ers Series Schedule: Dates, Channels, Streams for 2026 NBA Playoffs - NESN"
2026-04-28 12:30:36,The Boston Celtics Have An Easy Path To The NBA Finals - TWSN
2026-04-27 04:35:57,4 takeaways: Joel Embiid returns as Celtics cruise to big win and 3-1 lead - NBA
2026-04-18 17:58:37,2026 NBA playoff simulation: Can the Celtics make another title run? - NBC Sports Boston
2026-04-28 20:09:35,NBA recognizes Celtics' Brad Stevens with major honor - MSN
2026-04-25 03:41:00,Did the Sixers win tonight? Sixers vs Celtics score from Game 3 - Delawareonline.com
2026-04-26 11:00:00,There and Back Again: Notes from a 520-mile trek to cover playoff basketball - CelticsBlog
2026-04-28 16:28:44,East rival being exposed should trigger painful but vital reminder for Celtics - Hardwood Houdini
2026-04-24 15:14:57,3 things to watch in Celtics-76ers Game 3 - NBA
2026-04-24 22:09:00,The Boston Celtics unexpected success could lead to an NBA Finals run - Celtics Wire
2026-04-28 01:54:22,Dave Portnoy Says He'd Be 'Surprised' By This Celtics Playoff Outcome - NESN
2026-04-16 07:00:00,Celtics vs. Sixers rivalry is one of the best in NBA playoff history - NBC Sports Boston
2026-04-26 22:25:00,What channel is the Sixers game on tonight? What time is Sixers-Celtics - Delawareonline.com
2026-04-26 16:15:47,"Celtics vs 76ers NBA Playoff Game 4 Prediction: Odds, recent stats, trends and best bets for April 26 - Yahoo Sports"
2026-04-24 21:45:00,What channel are the Sixers on tonight? 76ers vs Celtics on Amazon Prime - Delawareonline.com
2026-04-27 01:57:22,A handful of demoralizing stats off the 76ers' second 32-point loss in 8 days - NBC Sports Philadelphia
2026-04-25 18:51:18,"How to watch Boston Celtics vs. Philadelphia 76ers, Game 4: TV, live stream for Sunday's NBA playoff game - NBC Sports"
2026-04-14 07:00:00,"2026 NBA title odds for Thunder, Spurs, Celtics and every playoff team - The Athletic - The New York Times"
2026-04-25 04:55:29,4 takeaways: Celtics-76ers Game 3 ends with Jayson Tatum dagger as Boston reclaims homecourt - NBA
2026-04-28 17:00:17,Boston Celtics' Brad Stevens Rewarded For Bold Moves By NBA - roundtable.io
2026-04-26 18:02:17,"Celtics vs. 76ers Prediction, NBA Playoff Picks, Spread – April 26, 2026 - PrizePicks"
2026-04-25 23:06:25,Celtics Announce Significant Jayson Tatum News Ahead of Game 4 vs 76ers - heavy.com
2026-04-27 03:39:00,Celtics dominate as European stars push 76ers to the playoff brink - Eurohoops
2026-04-24 11:52:25,NBA Futures: Analyzing Celtics' Championship Path & Strategies - Yahoo Sports
2026-04-25 21:32:02,76ers giving Celtics hell for key reason no one's talking about - Hardwood Houdini
2026-04-25 17:00:01,Basic and familiar conundrum is keeping Celtics fans up at night - Hardwood Houdini
2026-04-24 19:02:09,"Celtics vs. 76ers Prediction, NBA Playoff Picks, Spread – 4/24/26 - PrizePicks"
2026-04-14 07:00:00,"Ranking Celtics' Playoff Opponents: Pistons, Knicks Among Threats Blocking Path to NBA Finals - NESN"
2026-04-24 17:31:00,"Betting tips, DFS picks for Friday's three NBA playoff games - ESPN"
2026-04-11 07:00:00,NBA playoff watch: What's at stake on the final day - ESPN
2026-02-16 08:00:00,The Complete History of Boston Celtics Championships: Every NBA Finals Win and Title Explained - NESN
2026-04-21 07:00:00,"Celtics 120-88 Cavaliers (May 11, 2010) Final Score - ESPN"
2026-04-26 18:02:00,"Byron Scott credited one Lakers teammate for '85 Finals win by hounding Bird: ""He made Larry work his a— off"" - Basketball Network"
2026-04-13 07:00:00,"Boston Celtics | History, Notable Players, Championships, & Facts - Britannica"
2026-04-22 15:54:54,NBA championship and Finals MVP odds: No. 1 seed Pistons now 45-1 to win title - ESPN
2026-04-18 07:00:00,"Celtics 111-107 Warriors (Feb 2, 2021) Final Score - ESPN"
2026-04-15 07:00:00,"Celtics-76ers: Schedule, how to watch, predictions & analysis - NBA"
2026-04-02 07:00:00,Celtics playoff picture: Boston makes notable move in No. 2 seed race - MassLive
2026-03-22 07:00:00,"Celtics Deemed Second-Biggest Threat To 'Dethrone' Thunder, Win NBA Finals - NESN"
2026-03-25 07:00:00,4 takeaways as Celtics beat Thunder in potential NBA Finals preview - MassLive
2026-04-15 07:00:00,Colin Cowherd Predicts Three Potential NBA Finals Scenarios For Celtics - NESN
2026-04-27 02:26:04,Celtics' Joe Mazzulla reacts to Red Sox firing Alex Cora - MSN
2026-03-01 08:00:00,"Jayson Tatum, Not the 40/20 Rule, Will Decide the Celtics’ Championship Fate - CelticsBlog"
2026-04-27 06:45:00,"Rivalry? What rivalry? Even with Joel Embiid back in 76ers’ lineup, Celtics simply have Philly’s number. - The Boston Globe"
2026-04-13 07:00:00,"Celtics playoff standings: Updated scenarios, schedule for Boston in 2026 NBA bracket - Yahoo Sports"
2026-04-26 15:31:27,"In Rotating World of NBA Rights, Here's How to Watch Celtics-76ers Game 4 - roundtable.io"
2026-04-13 07:00:00,"2026 NBA Playoffs: Standings, bracket and clinching updates - NBA"
2026-04-25 12:58:00,"NBA playoffs winners and losers: Bronny James makes impact, Spurs are more than Wemby, Celtics' math adds up - CBS Sports"
2026-04-28 08:02:15,NBA championship odds: Oklahoma City Thunder lead the way in latest NBA Finals predictions [4/28/2026] - dimers.com
2026-03-07 08:00:00,"Spurs, Pistons, Celtics and 5 other NBA teams with a real shot at a championship - The New York Times"
2025-12-29 08:00:00,NBA Writer Drops Hot Take On Celtics’ Finals Chances Without Jayson Tatum - Yahoo Sports
2025-10-08 07:00:00,List of NBA champions - NBA
2026-03-25 07:00:00,"Is Thunder vs Celtics an NBA Finals preview, now that Jayson Tatum is back for Boston? - The Oklahoman"
2025-09-19 10:00:04,"Celtics win NBA Finals opener over Mavs, 107-89 | Dallas Mavericks - NBA"
2025-09-19 07:44:52,"Celtics repel Mavericks, take 2-0 NBA Finals lead, 105-98 - NBA"
2025-07-21 07:00:00,2025 NBA Playoffs: Full schedule and results - NBA
2025-07-29 07:00:00,NBA Season Recaps: A look back at every season since 1946 - NBA
2026-03-01 08:00:00,2025-26 NBA Championship odds: Favorites and lines to win NBA Finals - FOX Sports
2025-06-22 07:00:00,NBA Finals history: Game 7 matchups and stats since 1951 - ESPN
2025-10-22 07:00:00,"Philadelphia 76ers vs Boston Celtics Oct 22, 2025 Game Summary - NBA"
2025-05-16 07:00:00,Knicks oust Celtics as playoff run marches into East finals - ESPN
2025-06-20 07:00:00,NBA Finals in NBA history that went the distance. - NBA
2025-06-22 07:00:00,Which NBA teams have won the most championships? - ESPN
2025-06-22 07:00:00,Who has won the NBA Finals? Championship winners by year - ESPN
2025-05-16 07:00:00,Celtics-Knicks: 5 takeaways as New York ousts Boston to advance to East Finals - NBA
2025-06-23 07:00:00,NBA Champions by Year: Complete list of NBA Finals winners - FOX Sports
2025-06-23 07:00:00,NBA Finals MVP Award Winners - NBA
2025-06-18 07:00:00,NBA Finals betting: Pacers underdogs one last time for Game 7 - ESPN
2025-06-05 07:00:00,Who won 2024 NBA title? Boston Celtics' successor will soon be crowned - USA Today
2024-03-14 10:14:43,2024 NBA Finals - NBA
2025-05-02 07:00:00,Boston Celtics' NBA championships - NBA
2025-05-13 07:00:00,Celtics-Knicks: 5 takeaways as Knicks push defending champions to the brink - NBA
2025-05-20 07:00:00,Top 10 players with multiple championships - NBA
2025-05-06 07:00:00,"Boston Celtics NBA Finals History: Championships, Record & More - Sports Illustrated"
2024-06-17 07:00:00,"Boston Celtics NBA Finals history: Matchups, MVPs, other stats - ESPN"
2025-05-03 07:00:00,NBA playoffs: What to expect in Celtics-Knicks series - NBA
2025-05-15 07:00:00,ESPN NBA Full Court Press: New York Knicks Look to Advance to the Eastern Conference Finals in a Potential Close-Out Game 6 Matchup Against the Defending NBA Champion Boston Celtics on Friday - ESPN Press Room
2024-06-18 07:00:00,Celtics win 18th championship with Game 5 victory over Mavericks - NBA
2025-05-10 07:00:00,"Boston Celtics vs New York Knicks May 10, 2025 Game Summary - NBA"
